{
  "num_images": 50,
  "correct_count": 50,
  "accuracy": 1.0,
  "labels": [
    7,
    2,
    1,
    0,
    4,
    1,
    4,
    9,
    5,
    9,
    0,
    6,
    9,
    0,
    1,
    5,
    9,
    7,
    3,
    4,
    9,
    6,
    6,
    5,
    4,
    0,
    7,
    4,
    0,
    1,
    3,
    1,
    3,
    4,
    7,
    2,
    7,
    1,
    2,
    1,
    1,
    7,
    4,
    2,
    3,
    5,
    1,
    2,
    4,
    4
  ],
  "predictions": [
    7,
    2,
    1,
    0,
    4,
    1,
    4,
    9,
    5,
    9,
    0,
    6,
    9,
    0,
    1,
    5,
    9,
    7,
    3,
    4,
    9,
    6,
    6,
    5,
    4,
    0,
    7,
    4,
    0,
    1,
    3,
    1,
    3,
    4,
    7,
    2,
    7,
    1,
    2,
    1,
    1,
    7,
    4,
    2,
    3,
    5,
    1,
    2,
    4,
    4
  ],
  "scores": [
    [
      0.017788609489798546,
      0.015100610442459583,
      0.03488492965698242,
      0.03818235173821449,
      0.018726984038949013,
      0.04372818022966385,
      0.04295746609568596,
      0.9439757466316223,
      0.011230983771383762,
      0.012129324488341808
    ],
    [
      0.02537008374929428,
      0.05180665850639343,
      0.9574219584465027,
      0.06108379736542702,
      0.04932249337434769,
      0.045931924134492874,
      0.033006515353918076,
      0.06707337498664856,
      0.030855048447847366,
      0.03970133885741234
    ],
    [
      0.09568178653717041,
      0.9274515509605408,
      0.05662034451961517,
      0.05735339596867561,
      0.03494587913155556,
      0.08303841203451157,
      0.03444144129753113,
      0.03716982901096344,
      0.0355985052883625,
      0.05498920753598213
    ],
    [
      0.9276266098022461,
      0.011783852241933346,
      0.051406048238277435,
      0.032338690012693405,
      0.09238879382610321,
      0.0538264662027359,
      0.05999632552266121,
      0.0311491210013628,
      0.06450571119785309,
      0.058834001421928406
    ],
    [
      0.07639893144369125,
      0.023200906813144684,
      0.022971222177147865,
      0.01931055448949337,
      0.9414911270141602,
      0.035018887370824814,
      0.048438359051942825,
      0.06309068202972412,
      0.07348989695310593,
      0.02426648885011673
    ],
    [
      0.05009504780173302,
      0.937710702419281,
      0.07667063176631927,
      0.04327157139778137,
      0.035485830157995224,
      0.07476881891489029,
      0.02126193791627884,
      0.032350581139326096,
      0.023971371352672577,
      0.03203399106860161
    ],
    [
      0.024636853486299515,
      0.02908536046743393,
      0.035905297845602036,
      0.023738695308566093,
      0.9311381578445435,
      0.035112518817186356,
      0.10629380494356155,
      0.039829984307289124,
      0.02132042683660984,
      0.030818844214081764
    ],
    [
      0.04539268836379051,
      0.026974357664585114,
      0.06450600177049637,
      0.0404844731092453,
      0.07559938728809357,
      0.11358052492141724,
      0.06516488641500473,
      0.03873850777745247,
      0.059938687831163406,
      0.9267176985740662
    ],
    [
      0.06460516154766083,
      0.024512147530913353,
      0.029379233717918396,
      0.03029778227210045,
      0.034271933138370514,
      0.8793668746948242,
      0.0529489628970623,
      0.022014059126377106,
      0.2560117244720459,
      0.04450823739171028
    ],
    [
      0.07160063087940216,
      0.06759531795978546,
      0.00976475141942501,
      0.010559577494859695,
      0.054793581366539,
      0.03941188380122185,
      0.051582563668489456,
      0.07407152652740479,
      0.05507578328251839,
      0.9343536496162415
    ],
    [
      0.9294407963752747,
      0.011760356836020947,
      0.029819706454873085,
      0.031724393367767334,
      0.07659828662872314,
      0.04461780935525894,
      0.019688688218593597,
      0.04400898143649101,
      0.04147138074040413,
      0.01706329919397831
    ],
    [
      0.06798787415027618,
      0.035597652196884155,
      0.03444117680191994,
      0.061675526201725006,
      0.025448352098464966,
      0.08462261408567429,
      0.9506601691246033,
      0.05297184735536575,
      0.017780080437660217,
      0.045300375670194626
    ],
    [
      0.03194442018866539,
      0.008302337490022182,
      0.04628230258822441,
      0.009244590066373348,
      0.016255907714366913,
      0.015166237019002438,
      0.03874334692955017,
      0.04739024117588997,
      0.005065869074314833,
      0.9483951926231384
    ],
    [
      0.912897527217865,
      0.007709980476647615,
      0.05169586092233658,
      0.043800897896289825,
      0.030837027356028557,
      0.028550339862704277,
      0.041409723460674286,
      0.024945473298430443,
      0.02649470791220665,
      0.020352713763713837
    ],
    [
      0.06763295084238052,
      0.9456013441085815,
      0.031053755432367325,
      0.04497887194156647,
      0.08233815431594849,
      0.03586741164326668,
      0.016329798847436905,
      0.03930017724633217,
      0.028709586709737778,
      0.012742447666823864
    ],
    [
      0.10602951049804688,
      0.04088762775063515,
      0.03887830674648285,
      0.08489152044057846,
      0.013117322698235512,
      0.9390341639518738,
      0.019616613164544106,
      0.02059965394437313,
      0.02376375161111355,
      0.04348135367035866
    ],
    [
      0.05717270076274872,
      0.026021985337138176,
      0.01932378113269806,
      0.012194469571113586,
      0.15002886950969696,
      0.020467078313231468,
      0.04389034956693649,
      0.070924311876297,
      0.033032942563295364,
      0.9539417624473572
    ],
    [
      0.020899606868624687,
      0.04175517335534096,
      0.030632399022579193,
      0.04717104882001877,
      0.0038704299367964268,
      0.08945146948099136,
      0.027143429964780807,
      0.9319351315498352,
      0.026239925995469093,
      0.013548473827540874
    ],
    [
      0.045002881437540054,
      0.009049584157764912,
      0.09464067965745926,
      0.6759100556373596,
      0.08309967070817947,
      0.15782564878463745,
      0.014644970186054707,
      0.08150514960289001,
      0.11949095875024796,
      0.4175271987915039
    ],
    [
      0.01805165782570839,
      0.022828958928585052,
      0.0328192412853241,
      0.033299364149570465,
      0.9581997394561768,
      0.02574092335999012,
      0.015888914465904236,
      0.03766097128391266,
      0.04138018935918808,
      0.015790412202477455
    ],
    [
      0.031168565154075623,
      0.1043887734413147,
      0.019278382882475853,
      0.02365322969853878,
      0.026957059279084206,
      0.056715719401836395,
      0.021613283082842827,
      0.0826578214764595,
      0.0372646227478981,
      0.9359650015830994
    ],
    [
      0.03013269230723381,
      0.027654875069856644,
      0.055929724127054214,
      0.018100496381521225,
      0.03176792711019516,
      0.030750861391425133,
      0.947698175907135,
      0.0307932049036026,
      0.030212877318263054,
      0.03468892350792885
    ],
    [
      0.0304764062166214,
      0.030498625710606575,
      0.021098608151078224,
      0.025014838203787804,
      0.029497304931282997,
      0.044163014739751816,
      0.935910701751709,
      0.02765701897442341,
      0.09427080303430557,
      0.024575617164373398
    ],
    [
      0.01682252250611782,
      0.01526266522705555,
      0.03093681111931801,
      0.07598695904016495,
      0.03309870511293411,
      0.953200101852417,
      0.016232578083872795,
      0.009596255607903004,
      0.02057918906211853,
      0.03881240263581276
    ],
    [
      0.047572456300258636,
      0.04191923141479492,
      0.025459755212068558,
      0.03064764104783535,
      0.9342625737190247,
      0.024952834472060204,
      0.035746946930885315,
      0.05411025881767273,
      0.033939849585294724,
      0.045978303998708725
    ],
    [
      0.9092661142349243,
      0.0222756527364254,
